words,similar,,,,,
Encourage,restore,,,,,
Invigorate,restore,,,,,
Modernize,restore,,,,,
Reclaim,restore,,,,,
Reconstruct,restore,,,,,
Recover,restore,,,,,
Reestablish,restore,,,,,
Reform,restore,,,,,
Rehabilitate,restore,,,,,
Reimburse,restore,,,,,
Reinstate,restore,,,,,
Rejuvenate,restore,,,,,
Remodel,restore,,,,,
Renovate,restore,,,,,
Replenish,restore,,,,,
Reseat,restore,,,,,
resuscitate,restore,,,,,
Retrieve,restore,,,,,
Salvage,restore,,,,,
Augment,restore,,,,,
Consolidate,restore,,,,,
Enhance,restore,,,,,
Fortify,restore,,,,,
Rebuild,restore,,,,,
Rearrange,restore,,,,,
Regenerate,restore,,,,,
Rehabilitate,restore,,,,,
Rejuvenate,restore,,,,,
Reorganize,restore,,,,,
Rebuild,restore,,,,,
Rearrange,restore,,,,,
Regenerate,restore,,,,,
Rehabilitate,restore,,,,,
Rejuvenate,restore,,,,,
Reorganize,restore,,,,,
Reinstate,bring back,,,,,
Retrieve,bring back,,,,,
Maintain,restore,,,,,
Reestablish,restore,,,,,
Reinstate,restore,,,,,
Reiterate,restore,,,,,
Rejuvenate,restore,,,,,
Curtail,reduce,12,,,,
Degrade,reduce,12,,,,
Deplete,reduce,12,,,,
Depress,reduce,12,,,,
Detrude,reduce,12,,,,
Dilute,reduce,12,,,,
Impair,reduce,12,,,,
Minimize,reduce,12,,,,
Mitigate,reduce,12,,,,
Pare,reduce,12,,,,
Recede,reduce,12,,,,
Simplify,reduce,12,,,,
Allay,reduce,16,,,,
Appease,reduce,16,,,,
Assuage,reduce,16,,,,
Curtail,reduce,16,,,,
Degrade,reduce,16,,,,
Deplete,reduce,16,,,,
Depreciate,reduce,16,,,,
Deteriorate,reduce,16,,,,
Dilute,reduce,16,,,,
Dwindle,reduce,16,,,,
Impair,reduce,16,,,,
Minimize,reduce,16,,,,
Mitigate,reduce,16,,,,
Mollify,reduce,16,,,,
Recede,reduce,16,,,,
Understate,reduce,16,,,,
Economize,reduce,4,,,,
Pare,reduce,4,,,,
Retrench,reduce,4,,,,
Simplify,reduce,4,,,,
Compress,reduce,5,,,,
Condense,reduce,5,,,,
Curtail,reduce,5,,,,
Simplify,reduce,5,,,,
Telescope,reduce,5,,,,
Curtail,reduce,12,,,,
Degrade,reduce,12,,,,
Deplete,reduce,12,,,,
Depreciate,reduce,12,,,,
Dilute,reduce,12,,,,
Dwindle,reduce,12,,,,
Emaciate,reduce,12,,,,
Impair,reduce,12,,,,
Minimize,reduce,12,,,,
Recede,reduce,12,,,,
Subside,reduce,12,,,,
Undersell,reduce,12,,,,
Curtail,reduce,3,,,,
Decorate,reduce,3,,,,
Emaciate,reduce,3,,,,
Abdicate,deny,16,,,,
Abstain,deny,16,,,,
Cede,deny,16,,,,
Discard,deny,16,,,,
Disown,deny,16,,,,
Eschew,deny,16,,,,
Forego,deny,16,,,,
Forgo,deny,16,,,,
Forswear,deny,16,,,,
Recant,deny,16,,,,
Relinquish,deny,16,,,,
Repudiate,deny,16,,,,
Retract,deny,16,,,,
Revoke,deny,16,,,,
Vacate,deny,16,,,,
Waive,deny,16,,,,
Rebut,deny,3,,,,
Retract,deny,3,,,,
Revoke,deny,3,,,,
Exorbitant,horrible,15,,,,
Extravagant,horrible,15,,,,
Fabulous,horrible,15,,,,
Flagrant,horrible,15,,,,
Grievous,horrible,15,,,,
Heinous,horrible,15,,,,
Inexcusable,horrible,15,,,,
Infamous,horrible,15,,,,
Nefarious,horrible,15,,,,
Outlandish,horrible,15,,,,
Preposterous,horrible,15,,,,
Ridiculous,horrible,15,,,,
Scurrilous,horrible,15,,,,
Unconscionable,horrible,15,,,,
Unnatural,horrible,15,,,,
Abominable,horrible,7,,,,
Frightful,horrible,7,,,,
Ghastly,horrible,7,,,,
Grisly,horrible,7,,,,
Nefarious,horrible,7,,,,
Outrageous,horrible,7,,,,
Unspeakable,horrible,7,,,,
Atrocious,horrible,5,,,,
Boorish,horrible,5,,,,
Inhuman,horrible,5,,,,
Outrageous,horrible,5,,,,
Savage,horrible,5,,,,
Blatant,horrible,7,,,,
Egregious,horrible,7,,,,
Grievous,horrible,7,,,,
Heinous,horrible,7,,,,
Notorious,horrible,7,,,,
Outrageous,horrible,7,,,,
Rampant,horrible,7,,,,
Affect,annoy,14,,Enrage,anger,3
Agitate,annoy,14,,Impatience,anger,3
Depress,annoy,14,,Rankle,anger,3
Displace,annoy,14,,Disapprove,dislike,3
Disrupt,annoy,14,,Enmity,dislike,3
Embarrass,annoy,14,,Resent,dislike,3
Exasperate,annoy,14,,Animosity,malice,3
Interrupt,annoy,14,,Enmity,malice,3
Intoxicate,annoy,14,,Rancor,malice,3
Irk,annoy,14,,Enmity,bitterness,8
Irritate,annoy,14,,Hostility,bitterness,8
Misplace,annoy,14,,Misanthropy,bitterness,8
Perturb,annoy,14,,Sarcasm,bitterness,8
Unsettle,annoy,14,,Venom,bitterness,8
Embarrass,annoy,6,,Antagonism,hatred,4
Exasperate,annoy,6,,Hostility,hatred,4
Incite,annoy,6,,Rancor,hatred,4
Intoxicate,annoy,6,,Venom,hatred,4
Perturb,annoy,6,,,,
Unsettle,annoy,6,,,,
Inconvenient,annoy,4,,,,
obnoxious,annoy,4,,,,
Tiresome,annoy,4,,,,
Troublesome,annoy,4,,,,
Indignant,annoy,3,,,,
Irate,annoy,3,,,,
Irritable,annoy,3,,,,
Accost,annoy,9,,,,
Badger,annoy,9,,,,
Embarrass,annoy,9,,,,
Exacerbate,annoy,9,,,,
Exasperate,annoy,9,,,,
Irk,annoy,9,,,,
Irritate,annoy,9,,,,
Perturb,annoy,9,,,,
Tantalize,annoy,9,,,,
Aggravate,annoy,7,,,,
Enrage,annoy,7,,,,
Exacerbate,annoy,7,,,,
Exasperate,annoy,7,,,,
Intoxicate,annoy,7,,,,
Irk,annoy,7,,,,
Perturb,annoy,7,,,,
Aggravate,annoy,6,,,,
Depress,annoy,6,,,,
Embarrass,annoy,6,,,,
Irk,annoy,6,,,,
Irritate,annoy,6,,,,
Rankle,annoy,6,,,,
Abnormal,weird,13,,,,
Eccentric,weird,13,,,,
Erratic,weird,13,,,,
Exotic,weird,13,,,,
Extraordinary,weird,13,,,,
Extravagant,weird,13,,,,
Grotesque,weird,13,,,,
Heteromorphic,weird,13,,,,
Incongruous,weird,13,,,,
Ludicrous,weird,13,,,,
Ridiculous,weird,13,,,,
Uncommon,weird,13,,,,
Unnatural,weird,13,,,,
Abnormal,weird,10,,,,
Eccentric,weird,10,,,,
Erratic,weird,10,,,,
Exotic,weird,10,,,,
Extraordinary,weird,10,,,,
Frantic,weird,10,,,,
Heteromorphic,weird,10,,,,
Hideous,weird,10,,,,
Outlandish,weird,10,,,,
Whimsical,weird,10,,,,
Abnormal,weird,12,,,,
Eccentric,weird,12,,,,
Extraordinary,weird,12,,,,
Grotesque,weird,12,,,,
Heteromorphic,weird,12,,,,
Inexplicable,weird,12,,,,
Infrequent,weird,12,,,,
Ludicrous,weird,12,,,,
Outlandish,weird,12,,,,
Uncommon,weird,12,,,,
Unnatural,weird,12,,,,
Whimsical,weird,12,,,,
Abnormal,weird,12,,,,
Alien,weird,12,,,,
Causal,weird,12,,,,
Erratic,weird,12,,,,
Exotic,weird,12,,,,
Extraordinary,weird,12,,,,
Heteromorphic,weird,12,,,,
Outlandish,weird,12,,,,
Phenomenal,weird,12,,,,
Uncommon,weird,12,,,,
Unnatural,weird,12,,,,
Whimsical,weird,12,,,,
Abnormal,weird,9,,,,
Characteristic,weird,9,,,,
Eccentric,weird,9,,,,
Exotic,weird,9,,,,
Heteromorphic,weird,9,,,,
Inexplicable,weird,9,,,,
Intrinsic,weird,9,,,,
Outlandish,weird,9,,,,
Uncommon,weird,9,,,,
Abnormal,weird,10,,,,
Eccentric,weird,10,,,,
Exotic,weird,10,,,,
Extraordinary,weird,10,,,,
Grotesque,weird,10,,,,
Heteromorphic,weird,10,,,,
Inconceivable,weird,10,,,,
Inexplicable,weird,10,,,,
Uncommon,weird,10,,,,
Unnatural,weird,10,,,,
Extraordinary,fantastic,13,,Excellent,magnificent,10
Extravagant,fantastic,13,,Glorious,magnificent,10
Fabulous,fantastic,13,,Grandiose,magnificent,10
Grotesque,fantastic,13,,Ornate,magnificent,10
Imaginary,fantastic,13,,Palatial,magnificent,10
Ludicrous,fantastic,13,,Resplendent,magnificent,10
Outlandish,fantastic,13,,Sterling,magnificent,10
Phenomenal,fantastic,13,,Sumptuous,magnificent,10
Preposterous,fantastic,13,,Superb,magnificent,10
Prodigious,fantastic,13,,Superlative,magnificent,10
Ridiculous,fantastic,13,,,,
Transcendent,fantastic,13,,,,
Tremendous,fantastic,13,,,,
Extravagant,fantastic,4,,,,
Fictitious,fantastic,4,,,,
Grotesque,fantastic,4,,,,
Imaginary,fantastic,4,,,,
Baritone,fantastic,9,,,,
Excellent,fantastic,9,,,,
Glorious,fantastic,9,,,,
Immense,fantastic,9,,,,
Massive,fantastic,9,,,,
Memorable,fantastic,9,,,,
Potent,fantastic,9,,,,
Superb,fantastic,9,,,,
Tremendous,fantastic,9,,,,
Extraordinary,fantastic,8,,,,
Fabulous,fantastic,8,,,,
Glorious,fantastic,8,,,,
Memorable,fantastic,8,,,,
Noticeable,fantastic,8,,,,
Palpable,fantastic,8,,,,
Phenomenal,fantastic,8,,,,
Uncommon,fantastic,8,,,,
Extraordinary,fantastic,6,,,,
Fabulous,fantastic,6,,,,
Formidable,fantastic,6,,,,
Frightful,fantastic,6,,,,
Memorable,fantastic,6,,,,
Tremendous,fantastic,6,,,,
Effective,fantastic,6,,,,
Emphatic,fantastic,6,,,,
Magnificent,fantastic,6,,,,
Massive,fantastic,6,,,,
Memorable,fantastic,6,,,,
Potent,fantastic,6,,,,
Cosmic,huge,6,,,,
Enormous,huge,6,,,,
Extensive,huge,6,,,,
Gigantic,huge,6,,,,
Immense,huge,6,,,,
Massive,huge,6,,,,
Enormous,huge,6,,,,
Gigantic,huge,6,,,,
Immense,huge,6,,,,
Leviathan,huge,6,,,,
Tremendous,huge,6,,,,
Unwieldy,huge,6,,,,
Enormous,huge,5,,,,
Gigantic,huge,5,,,,
Immense,huge,5,,,,
Massive,huge,5,,,,
Prodigious,huge,5,,,,
Enormous,huge,5,,,,
Gigantic,huge,5,,,,
Immense,huge,5,,,,
Massive,huge,5,,,,
Prodigious,huge,5,,,,
Enormous,huge,4,,,,
Gigantic,huge,4,,,,
Leviathan,huge,4,,,,
Massive,huge,4,,,,
Enormous,huge,4,,,,
Immense,huge,4,,,,
Leviathan,huge,4,,,,
Massive,huge,4,,,,
Cosmic,huge,10,,,,
Enormous,huge,10,,,,
Gigantic,huge,10,,,,
Immeasurable,huge,10,,,,
Infinite,huge,10,,,,
Leviathan,huge,10,,,,
Massive,huge,10,,,,
Prodigious,huge,10,,,,
Tremendous,huge,10,,,,
Unlimited,huge,10,,,,
Enormous,huge,10,,,,
Extensive,huge,10,,,,
Gigantic,huge,10,,,,
Immense,huge,10,,,,
Infinite,huge,10,,,,
Leviathan,huge,10,,,,
Massive,huge,10,,,,
Prodigious,huge,10,,,,
Tremendous,huge,10,,,,
Unlimited,huge,10,,,,
Enormous,huge,9,,,,
Gigantic,huge,9,,,,
Grievous,huge,9,,,,
Grotesque,huge,9,,,,
Hideous,huge,9,,,,
Immense,huge,9,,,,
Infamous,huge,9,,,,
Leviathan,huge,9,,,,
Unspeakable,huge,9,,,,
Enormous,huge,7,,,,
Gigantic,huge,7,,,,
Immense,huge,7,,,,
Leviathan,huge,7,,,,
Massive,huge,7,,,,
Prodigious,huge,7,,,,
Tremendous,huge,7,,,,
Exorbitant,huge,7,,,,
Gigantic,huge,7,,,,
Immense,huge,7,,,,
Infinite,huge,7,,,,
Leviathan,huge,7,,,,
Massive,huge,7,,,,
Tremendous,huge,7,,,,
Cogent,strong,13,,,,
Decisive,strong,13,,,,
Drastic,strong,13,,,,
Effective,strong,13,,,,
Eloquent,strong,13,,,,
Emphatic,strong,13,,,,
Enthusiastic,strong,13,,,,
Forcible,strong,13,,,,
Insistent,strong,13,,,,
Stringent,strong,13,,,,
Tenacious,strong,13,,,,
Vehement,strong,13,,,,
Virile,strong,13,,,,
Baritone,strong,7,,,,
Courageous,strong,7,,,,
Energetic,strong,7,,,,
Influential,strong,7,,,,
Potent,strong,7,,,,
resilient,strong,7,,,,
Successful,strong,7,,,,
Dominant,strong,8,,,,
Effective,strong,8,,,,
Efficient,strong,8,,,,
Eloquent,strong,8,,,,
Energetic,strong,8,,,,
Irresistible,strong,8,,,,
Robust,strong,8,,,,
Significant,strong,8,,,,
,,,,,,
Eminent,outstanding,13,,,,
Excellent,outstanding,13,,,,
Extraordinary,outstanding,13,,,,
Leonine,outstanding,13,,,,
Magnificent,outstanding,13,,,,
Paramount,outstanding,13,,,,
Phenomenal,outstanding,13,,,,
Principal,outstanding,13,,,,
Prominent,outstanding,13,,,,
Sterling,outstanding,13,,,,
Successful,outstanding,13,,,,
Superb,outstanding,13,,,,
Superlative,outstanding,13,,,,
Eminent,distinguished,3,,,,
Excellent,distinguished,3,,,,
Leonine,distinguished,3,,,,
